Sample Id,Supertype,Section.Label,Neurotransmitter.Type,Anatomical.Division,Cluster,Class,Anatomical.Structure,Subclass,Anatomical.Substructure
bb5a1268-6edd-4fe5-9559-a76ccffa162c,0857 SC Lef1 Otx2 Gaba_1,C57BL6J-638850.33,GABA,MB,3742 SC Lef1 Otx2 Gaba_1,20 MB GABA,NOT,208 SC Lef1 Otx2 Gaba,NOT
1753cae2-e852-462f-b43c-9b2e640fc49d,0868 SC Tnnt1 Gli3 Gaba_2,C57BL6J-638850.33,GABA,MB,3787 SC Tnnt1 Gli3 Gaba_2,20 MB GABA,NOT,211 SC Tnnt1 Gli3 Gaba,NOT
bfa13ecc-c907-4747-93e4-eb079c1ea55d,0873 SCsg Gabrr2 Gaba_2,C57BL6J-638850.33,GABA,MB,3810 SCsg Gabrr2 Gaba_2,20 MB GABA,NOT,213 SCsg Gabrr2 Gaba,NOT
64e2a040-0e5f-4280-a0de-a65e03bb3d28,0841 SC Otx2 Gcnt4 Gaba_1,C57BL6J-638850.33,GABA,MB,3671 SC Otx2 Gcnt4 Gaba_1,20 MB GABA,NOT,204 SC Otx2 Gcnt4 Gaba,NOT
046f621a-d0f6-42d9-acde-b9beccd0c3d1,0864 PRT Mecom Gaba_1,C57BL6J-638850.33,GABA-Glyc,MB,3767 PRT Mecom Gaba_1,20 MB GABA,NOT,210 PRT Mecom Gaba,NOT
7c4bec54-a741-40bd-893d-44a21263784e,0872 SCsg Gabrr2 Gaba_1,C57BL6J-638850.33,GABA,MB,3797 SCsg Gabrr2 Gaba_1,20 MB GABA,NOT,213 SCsg Gabrr2 Gaba,NOT
18806e10-fb60-490a-869d-aeaa805d9580,0830 PRT Tcf7l2 Gaba_2,C57BL6J-638850.33,GABA,MB,3608 PRT Tcf7l2 Gaba_2,20 MB GABA,NOT,202 PRT Tcf7l2 Gaba,NOT
4e93d048-dc05-415b-acc2-13ecdfb8e9f8,0872 SCsg Gabrr2 Gaba_1,C57BL6J-638850.33,GABA,MB,3804 SCsg Gabrr2 Gaba_1,20 MB GABA,NOT,213 SCsg Gabrr2 Gaba,NOT
44ec2cea-8b49-4326-9dc6-129755c43102,0841 SC Otx2 Gcnt4 Gaba_1,C57BL6J-638850.33,GABA,MB,3671 SC Otx2 Gcnt4 Gaba_1,20 MB GABA,NOT,204 SC Otx2 Gcnt4 Gaba,NOT
5c01ee1c-39fb-4632-a97d-0c8e7ecaa1fd,0853 SCs Dmbx1 Gaba_2,C57BL6J-638850.33,GABA,MB,3731 SCs Dmbx1 Gaba_2,20 MB GABA,NOT,207 SCs Dmbx1 Gaba,NOT
f7519316-6b89-43ac-affa-e347b1dd2df8,0876 SCsg Gabrr2 Gaba_5,C57BL6J-638850.33,GABA,MB,3827 SCsg Gabrr2 Gaba_5,20 MB GABA,NOT,213 SCsg Gabrr2 Gaba,NOT
59a1b098-d9e0-453b-b98f-8c6baf6acad6,0864 PRT Mecom Gaba_1,C57BL6J-638850.33,GABA-Glyc,MB,3764 PRT Mecom Gaba_1,20 MB GABA,NOT,210 PRT Mecom Gaba,NOT
5329282c-9b11-4953-aab7-8ab7e21c69e2,0852 SCs Dmbx1 Gaba_1,C57BL6J-638850.33,GABA,MB,3726 SCs Dmbx1 Gaba_1,20 MB GABA,NOT,207 SCs Dmbx1 Gaba,NOT
4b9ee02b-9e4b-4c50-b4cc-00eee1582d44,0872 SCsg Gabrr2 Gaba_1,C57BL6J-638850.33,GABA,MB,3797 SCsg Gabrr2 Gaba_1,20 MB GABA,NOT,213 SCsg Gabrr2 Gaba,NOT
f4eae1c1-fc44-42f8-a43e-d96cfd8c6f2a,0856 SCs Dmbx1 Gaba_5,C57BL6J-638850.33,GABA,MB,3740 SCs Dmbx1 Gaba_5,20 MB GABA,NOT,207 SCs Dmbx1 Gaba,NOT
129af43a-38f9-465d-8802-375b20a37578,0872 SCsg Gabrr2 Gaba_1,C57BL6J-638850.33,GABA,MB,3799 SCsg Gabrr2 Gaba_1,20 MB GABA,NOT,213 SCsg Gabrr2 Gaba,NOT
3901fa43-b01a-4396-b0f5-2eee7bf6fb41,0830 PRT Tcf7l2 Gaba_2,C57BL6J-638850.33,GABA,MB,3612 PRT Tcf7l2 Gaba_2,20 MB GABA,NOT,202 PRT Tcf7l2 Gaba,NOT
34789d90-160c-4043-be44-ddd60872a59e,0872 SCsg Gabrr2 Gaba_1,C57BL6J-638850.33,GABA,MB,3804 SCsg Gabrr2 Gaba_1,20 MB GABA,NOT,213 SCsg Gabrr2 Gaba,NOT
8eb1ea90-55f6-4c06-9f91-67511f2373c2,0852 SCs Dmbx1 Gaba_1,C57BL6J-638850.33,GABA,MB,3722 SCs Dmbx1 Gaba_1,20 MB GABA,NOT,207 SCs Dmbx1 Gaba,NOT
2d33bc6f-efd5-4fc5-ab59-e7ccc3b627d8,0875 SCsg Gabrr2 Gaba_4,C57BL6J-638850.33,GABA,MB,3824 SCsg Gabrr2 Gaba_4,20 MB GABA,NOT,213 SCsg Gabrr2 Gaba,NOT
c1879d26-c1cd-4421-b14c-dd9304397d9a,0861 SCs Pax7 Nfia Gaba_3,C57BL6J-638850.33,GABA,MB,3756 SCs Pax7 Nfia Gaba_3,20 MB GABA,NOT,209 SCs Pax7 Nfia Gaba,NOT
45a35f76-028e-46d5-a344-2d30ce9fc25f,0872 SCsg Gabrr2 Gaba_1,C57BL6J-638850.33,GABA,MB,3799 SCsg Gabrr2 Gaba_1,20 MB GABA,NOT,213 SCsg Gabrr2 Gaba,NOT
deb9494d-e1f1-4cde-869c-fbc32e4c9200,0860 SCs Pax7 Nfia Gaba_2,C57BL6J-638850.33,GABA,MB,3753 SCs Pax7 Nfia Gaba_2,20 MB GABA,NOT,209 SCs Pax7 Nfia Gaba,NOT
3c119584-43ca-4761-ad64-19e1616ba403,0866 PRT Mecom Gaba_3,C57BL6J-638850.33,GABA-Glyc,MB,3774 PRT Mecom Gaba_3,20 MB GABA,NOT,210 PRT Mecom Gaba,NOT
5dbb03bd-19be-4d39-bb81-c29a3dc9412a,0864 PRT Mecom Gaba_1,C57BL6J-638850.33,GABA-Glyc,MB,3767 PRT Mecom Gaba_1,20 MB GABA,NOT,210 PRT Mecom Gaba,NOT
7c255b86-c004-4016-8847-ec1f1022d40c,0855 SCs Dmbx1 Gaba_4,C57BL6J-638850.33,GABA,MB,3739 SCs Dmbx1 Gaba_4,20 MB GABA,NOT,207 SCs Dmbx1 Gaba,NOT
016c3809-6679-4a1b-b89c-61a046d2df4e,0875 SCsg Gabrr2 Gaba_4,C57BL6J-638850.33,GABA,MB,3824 SCsg Gabrr2 Gaba_4,20 MB GABA,NOT,213 SCsg Gabrr2 Gaba,NOT
96f54966-9b1c-49ff-b1cd-4d43d5de19bb,0872 SCsg Gabrr2 Gaba_1,C57BL6J-638850.33,GABA,MB,3799 SCsg Gabrr2 Gaba_1,20 MB GABA,NOT,213 SCsg Gabrr2 Gaba,NOT
deb5f799-0fcb-46de-924c-41b0c92c7156,0830 PRT Tcf7l2 Gaba_2,C57BL6J-638850.33,GABA,MB,3608 PRT Tcf7l2 Gaba_2,20 MB GABA,NOT,202 PRT Tcf7l2 Gaba,NOT
8bd898d5-df63-40ee-9384-115cc11b64bb,0870 SCs Lef1 Gli3 Gaba_2,C57BL6J-638850.33,GABA,MB,3794 SCs Lef1 Gli3 Gaba_2,20 MB GABA,NOT,212 SCs Lef1 Gli3 Gaba,NOT
24ea190a-d738-4340-848a-3fc3f0194893,0872 SCsg Gabrr2 Gaba_1,C57BL6J-638850.33,GABA,MB,3797 SCsg Gabrr2 Gaba_1,20 MB GABA,NOT,213 SCsg Gabrr2 Gaba,NOT
bd2be459-df51-477d-87be-f0c88d29585d,0866 PRT Mecom Gaba_3,C57BL6J-638850.33,GABA-Glyc,MB,3774 PRT Mecom Gaba_3,20 MB GABA,NOT,210 PRT Mecom Gaba,NOT
77e077db-983c-4d48-b4a7-ac471e3bb974,0873 SCsg Gabrr2 Gaba_2,C57BL6J-638850.33,GABA,MB,3808 SCsg Gabrr2 Gaba_2,20 MB GABA,NOT,213 SCsg Gabrr2 Gaba,NOT
cfc2f97f-008b-49ef-aeac-aa45097124a7,0852 SCs Dmbx1 Gaba_1,C57BL6J-638850.33,GABA,MB,3724 SCs Dmbx1 Gaba_1,20 MB GABA,NOT,207 SCs Dmbx1 Gaba,NOT
4934b270-0b2e-4a7d-b974-bfa228eedd04,0830 PRT Tcf7l2 Gaba_2,C57BL6J-638850.33,GABA,MB,3612 PRT Tcf7l2 Gaba_2,20 MB GABA,NOT,202 PRT Tcf7l2 Gaba,NOT
b6250374-ffe3-4965-bbc5-fb7235d235d9,0875 SCsg Gabrr2 Gaba_4,C57BL6J-638850.33,GABA,MB,3825 SCsg Gabrr2 Gaba_4,20 MB GABA,NOT,213 SCsg Gabrr2 Gaba,NOT
c3e9b176-3eaf-466a-9372-250d816266fb,0842 SC Otx2 Gcnt4 Gaba_2,C57BL6J-638850.33,GABA,MB,3672 SC Otx2 Gcnt4 Gaba_2,20 MB GABA,NOT,204 SC Otx2 Gcnt4 Gaba,NOT
726398e8-9714-4048-9adb-172d86557311,0852 SCs Dmbx1 Gaba_1,C57BL6J-638850.33,GABA,MB,3724 SCs Dmbx1 Gaba_1,20 MB GABA,NOT,207 SCs Dmbx1 Gaba,NOT
085e862d-6ce1-47c2-8556-9fdfd4b6964a,0852 SCs Dmbx1 Gaba_1,C57BL6J-638850.33,GABA,MB,3726 SCs Dmbx1 Gaba_1,20 MB GABA,NOT,207 SCs Dmbx1 Gaba,NOT
3ea349a1-39fd-4c1b-a590-1d54e216635d,0872 SCsg Gabrr2 Gaba_1,C57BL6J-638850.33,GABA,MB,3805 SCsg Gabrr2 Gaba_1,20 MB GABA,NOT,213 SCsg Gabrr2 Gaba,NOT
cf7befc3-ecbf-4d69-93b5-aba127ab152b,0855 SCs Dmbx1 Gaba_4,C57BL6J-638850.33,GABA,MB,3739 SCs Dmbx1 Gaba_4,20 MB GABA,NOT,207 SCs Dmbx1 Gaba,NOT
f7de2bad-c533-467c-8c20-8cff56189683,0874 SCsg Gabrr2 Gaba_3,C57BL6J-638850.33,GABA,MB,3815 SCsg Gabrr2 Gaba_3,20 MB GABA,NOT,213 SCsg Gabrr2 Gaba,NOT
18f5da8a-523d-4078-9872-e155afc6453a,0875 SCsg Gabrr2 Gaba_4,C57BL6J-638850.33,GABA,MB,3824 SCsg Gabrr2 Gaba_4,20 MB GABA,NOT,213 SCsg Gabrr2 Gaba,NOT
4e8ce782-d18d-4ee9-a6c3-c2c2cc2361e1,0861 SCs Pax7 Nfia Gaba_3,C57BL6J-638850.33,GABA,MB,3756 SCs Pax7 Nfia Gaba_3,20 MB GABA,NOT,209 SCs Pax7 Nfia Gaba,NOT
00dc4bbe-4283-4f66-8258-1effa6671e2f,0872 SCsg Gabrr2 Gaba_1,C57BL6J-638850.33,GABA,MB,3804 SCsg Gabrr2 Gaba_1,20 MB GABA,NOT,213 SCsg Gabrr2 Gaba,NOT
69c3fcb7-4714-4791-9253-87e3e86163f5,0856 SCs Dmbx1 Gaba_5,C57BL6J-638850.33,GABA,MB,3740 SCs Dmbx1 Gaba_5,20 MB GABA,NOT,207 SCs Dmbx1 Gaba,NOT
71626b0b-5c26-4dc6-ab57-7beba1e33109,0843 SC-PAG Lef1 Emx2 Gaba_1,C57BL6J-638850.33,GABA,MB,3678 SC-PAG Lef1 Emx2 Gaba_1,20 MB GABA,NOT,205 SC-PAG Lef1 Emx2 Gaba,NOT
b86fb497-9625-4da3-8cbb-37cbd0b208bf,0855 SCs Dmbx1 Gaba_4,C57BL6J-638850.33,GABA,MB,3739 SCs Dmbx1 Gaba_4,20 MB GABA,NOT,207 SCs Dmbx1 Gaba,NOT
8461f454-290b-4063-a5ca-5545ac4a82f9,0830 PRT Tcf7l2 Gaba_2,C57BL6J-638850.33,GABA,MB,3612 PRT Tcf7l2 Gaba_2,20 MB GABA,NOT,202 PRT Tcf7l2 Gaba,NOT
dfe796c9-9e09-4de2-a4ca-5e8408b2a592,0830 PRT Tcf7l2 Gaba_2,C57BL6J-638850.33,GABA,MB,3608 PRT Tcf7l2 Gaba_2,20 MB GABA,NOT,202 PRT Tcf7l2 Gaba,NOT
09fd53aa-28e7-4c56-8806-331d123c6943,0868 SC Tnnt1 Gli3 Gaba_2,C57BL6J-638850.33,GABA,MB,3788 SC Tnnt1 Gli3 Gaba_2,20 MB GABA,NOT,211 SC Tnnt1 Gli3 Gaba,NOT
02cb4b93-6358-41a7-9f5d-c6fc987a2194,0872 SCsg Gabrr2 Gaba_1,C57BL6J-638850.33,GABA,MB,3804 SCsg Gabrr2 Gaba_1,20 MB GABA,NOT,213 SCsg Gabrr2 Gaba,NOT
377a0d50-7b81-4a34-878d-d1ab2b9aabb2,0841 SC Otx2 Gcnt4 Gaba_1,C57BL6J-638850.33,GABA,MB,3671 SC Otx2 Gcnt4 Gaba_1,20 MB GABA,NOT,204 SC Otx2 Gcnt4 Gaba,NOT
603f4906-0fad-45c3-9e21-917dfe94edd7,0856 SCs Dmbx1 Gaba_5,C57BL6J-638850.33,GABA,MB,3740 SCs Dmbx1 Gaba_5,20 MB GABA,NOT,207 SCs Dmbx1 Gaba,NOT
55d5d4c9-e6ec-4b21-acaf-db8ec47bc7bb,0872 SCsg Gabrr2 Gaba_1,C57BL6J-638850.33,GABA,MB,3797 SCsg Gabrr2 Gaba_1,20 MB GABA,NOT,213 SCsg Gabrr2 Gaba,NOT
2422696e-bf9b-4c1b-a235-63ee0919f6b8,0863 SCs Pax7 Nfia Gaba_5,C57BL6J-638850.33,GABA,MB,3759 SCs Pax7 Nfia Gaba_5,20 MB GABA,NOT,209 SCs Pax7 Nfia Gaba,NOT
90643b81-ea80-4eac-9159-7988d2687258,0852 SCs Dmbx1 Gaba_1,C57BL6J-638850.33,GABA,MB,3723 SCs Dmbx1 Gaba_1,20 MB GABA,NOT,207 SCs Dmbx1 Gaba,NOT
272ecbd1-61b0-4445-9cfd-9d70a2f56671,0857 SC Lef1 Otx2 Gaba_1,C57BL6J-638850.33,GABA,MB,3741 SC Lef1 Otx2 Gaba_1,20 MB GABA,NOT,208 SC Lef1 Otx2 Gaba,NOT
1b3649bc-888c-4bbb-bb98-d253ea47d947,0852 SCs Dmbx1 Gaba_1,C57BL6J-638850.33,GABA,MB,3724 SCs Dmbx1 Gaba_1,20 MB GABA,NOT,207 SCs Dmbx1 Gaba,NOT
584cb9e2-faba-4b57-a434-fb9096c180c9,0874 SCsg Gabrr2 Gaba_3,C57BL6J-638850.33,GABA,MB,3815 SCsg Gabrr2 Gaba_3,20 MB GABA,NOT,213 SCsg Gabrr2 Gaba,NOT
b811fa4b-dc8f-4c76-a2bb-bc2eac18818c,0830 PRT Tcf7l2 Gaba_2,C57BL6J-638850.33,GABA,MB,3611 PRT Tcf7l2 Gaba_2,20 MB GABA,NOT,202 PRT Tcf7l2 Gaba,NOT
7837cafb-b8c8-4483-aed7-061593471d0c,0843 SC-PAG Lef1 Emx2 Gaba_1,C57BL6J-638850.33,GABA,MB,3678 SC-PAG Lef1 Emx2 Gaba_1,20 MB GABA,NOT,205 SC-PAG Lef1 Emx2 Gaba,NOT
6451d097-9007-4987-ab9e-755d7e975929,0876 SCsg Gabrr2 Gaba_5,C57BL6J-638850.33,GABA,MB,3827 SCsg Gabrr2 Gaba_5,20 MB GABA,NOT,213 SCsg Gabrr2 Gaba,NOT
5b2c3d02-88e4-4fb8-a308-c5d5a7127bee,0830 PRT Tcf7l2 Gaba_2,C57BL6J-638850.33,GABA,MB,3612 PRT Tcf7l2 Gaba_2,20 MB GABA,NOT,202 PRT Tcf7l2 Gaba,NOT
d884cd31-9a2a-4699-8356-0444ecaa2136,0852 SCs Dmbx1 Gaba_1,C57BL6J-638850.33,GABA,MB,3722 SCs Dmbx1 Gaba_1,20 MB GABA,NOT,207 SCs Dmbx1 Gaba,NOT
4be7f974-912e-4c7a-90bb-0271919dd170,0872 SCsg Gabrr2 Gaba_1,C57BL6J-638850.33,GABA,MB,3805 SCsg Gabrr2 Gaba_1,20 MB GABA,NOT,213 SCsg Gabrr2 Gaba,NOT
2d667b7c-d8d1-41a3-8038-b87c61291c38,0852 SCs Dmbx1 Gaba_1,C57BL6J-638850.33,GABA,MB,3724 SCs Dmbx1 Gaba_1,20 MB GABA,NOT,207 SCs Dmbx1 Gaba,NOT
a7665259-7775-4732-8919-187b35b80ee2,0872 SCsg Gabrr2 Gaba_1,C57BL6J-638850.33,GABA,MB,3799 SCsg Gabrr2 Gaba_1,20 MB GABA,NOT,213 SCsg Gabrr2 Gaba,NOT
6a67ad36-48b5-482e-aca7-7d49b2736477,0864 PRT Mecom Gaba_1,C57BL6J-638850.33,GABA,MB,3766 PRT Mecom Gaba_1,20 MB GABA,NOT,210 PRT Mecom Gaba,NOT
928878cd-c4fc-4eef-9961-8928517674aa,0872 SCsg Gabrr2 Gaba_1,C57BL6J-638850.33,GABA,MB,3798 SCsg Gabrr2 Gaba_1,20 MB GABA,NOT,213 SCsg Gabrr2 Gaba,NOT
36de47d2-f539-4de1-91bb-795c063ff812,0843 SC-PAG Lef1 Emx2 Gaba_1,C57BL6J-638850.33,GABA,MB,3680 SC-PAG Lef1 Emx2 Gaba_1,20 MB GABA,NOT,205 SC-PAG Lef1 Emx2 Gaba,NOT
84ec9c8f-2a65-4cd7-a80c-e3095fbef2d5,0874 SCsg Gabrr2 Gaba_3,C57BL6J-638850.33,GABA,MB,3815 SCsg Gabrr2 Gaba_3,20 MB GABA,NOT,213 SCsg Gabrr2 Gaba,NOT
17d62987-84a7-46bd-abec-277ece3d5f92,0863 SCs Pax7 Nfia Gaba_5,C57BL6J-638850.33,GABA,MB,3759 SCs Pax7 Nfia Gaba_5,20 MB GABA,NOT,209 SCs Pax7 Nfia Gaba,NOT
944d872e-e364-492e-ad00-f29a3cf83e1d,0857 SC Lef1 Otx2 Gaba_1,C57BL6J-638850.33,GABA,MB,3741 SC Lef1 Otx2 Gaba_1,20 MB GABA,NOT,208 SC Lef1 Otx2 Gaba,NOT
9150de85-56e9-4516-8b51-ae945ab6a57d,0852 SCs Dmbx1 Gaba_1,C57BL6J-638850.33,GABA,MB,3724 SCs Dmbx1 Gaba_1,20 MB GABA,NOT,207 SCs Dmbx1 Gaba,NOT
3145b3a7-7225-4f68-9d34-354c03123b2a,0856 SCs Dmbx1 Gaba_5,C57BL6J-638850.33,GABA,MB,3740 SCs Dmbx1 Gaba_5,20 MB GABA,NOT,207 SCs Dmbx1 Gaba,NOT
cc172ae8-92a6-4624-8286-2c9d1ce85c4b,0852 SCs Dmbx1 Gaba_1,C57BL6J-638850.33,GABA,MB,3723 SCs Dmbx1 Gaba_1,20 MB GABA,NOT,207 SCs Dmbx1 Gaba,NOT
c52fcabc-9fd4-41b1-a6f9-dd14acebd8fb,0830 PRT Tcf7l2 Gaba_2,C57BL6J-638850.33,GABA,MB,3610 PRT Tcf7l2 Gaba_2,20 MB GABA,NOT,202 PRT Tcf7l2 Gaba,NOT
a7d65f28-8e38-4a00-b15f-b8985e8e3c1a,0843 SC-PAG Lef1 Emx2 Gaba_1,C57BL6J-638850.33,GABA,MB,3680 SC-PAG Lef1 Emx2 Gaba_1,20 MB GABA,NOT,205 SC-PAG Lef1 Emx2 Gaba,NOT
675ccfe1-199e-4afd-b965-ff887af88c59,0857 SC Lef1 Otx2 Gaba_1,C57BL6J-638850.33,GABA,MB,3741 SC Lef1 Otx2 Gaba_1,20 MB GABA,NOT,208 SC Lef1 Otx2 Gaba,NOT
36671ccb-6e4e-451e-a74b-bdbb3c0fbb7a,0855 SCs Dmbx1 Gaba_4,C57BL6J-638850.33,GABA,MB,3738 SCs Dmbx1 Gaba_4,20 MB GABA,NOT,207 SCs Dmbx1 Gaba,NOT
bdc004ae-e087-4174-a323-483dcb572ea6,0876 SCsg Gabrr2 Gaba_5,C57BL6J-638850.33,GABA,MB,3826 SCsg Gabrr2 Gaba_5,20 MB GABA,NOT,213 SCsg Gabrr2 Gaba,NOT
d2171394-a1ae-44d2-ad27-014a0db5edd0,0841 SC Otx2 Gcnt4 Gaba_1,C57BL6J-638850.33,GABA,MB,3671 SC Otx2 Gcnt4 Gaba_1,20 MB GABA,NOT,204 SC Otx2 Gcnt4 Gaba,NOT
3c80dadb-6feb-4fb3-b025-c1aa7b0a4e13,0860 SCs Pax7 Nfia Gaba_2,C57BL6J-638850.33,GABA,MB,3751 SCs Pax7 Nfia Gaba_2,20 MB GABA,NOT,209 SCs Pax7 Nfia Gaba,NOT
64009ae1-1eed-4a28-8e16-522347ebfb4c,0852 SCs Dmbx1 Gaba_1,C57BL6J-638850.33,GABA,MB,3726 SCs Dmbx1 Gaba_1,20 MB GABA,NOT,207 SCs Dmbx1 Gaba,NOT
40085744-14ef-4921-b39e-ee4792cf359f,0864 PRT Mecom Gaba_1,C57BL6J-638850.33,GABA-Glyc,MB,3764 PRT Mecom Gaba_1,20 MB GABA,NOT,210 PRT Mecom Gaba,NOT
420f5881-d1e7-42d2-92da-75f77ac0aed1,0868 SC Tnnt1 Gli3 Gaba_2,C57BL6J-638850.33,GABA,MB,3788 SC Tnnt1 Gli3 Gaba_2,20 MB GABA,NOT,211 SC Tnnt1 Gli3 Gaba,NOT
82cd68db-693a-47ff-84da-dd6aa7971db0,0830 PRT Tcf7l2 Gaba_2,C57BL6J-638850.33,GABA,MB,3608 PRT Tcf7l2 Gaba_2,20 MB GABA,NOT,202 PRT Tcf7l2 Gaba,NOT
85576880-2bcc-44cb-9741-bf6a9c421cd5,0856 SCs Dmbx1 Gaba_5,C57BL6J-638850.33,GABA,MB,3740 SCs Dmbx1 Gaba_5,20 MB GABA,NOT,207 SCs Dmbx1 Gaba,NOT
b0e6066a-dd99-44fb-a675-82ddf9dbccac,0855 SCs Dmbx1 Gaba_4,C57BL6J-638850.33,GABA,MB,3739 SCs Dmbx1 Gaba_4,20 MB GABA,NOT,207 SCs Dmbx1 Gaba,NOT
7831c997-a440-4282-9c47-e5356fd81f3a,0874 SCsg Gabrr2 Gaba_3,C57BL6J-638850.33,GABA,MB,3815 SCsg Gabrr2 Gaba_3,20 MB GABA,NOT,213 SCsg Gabrr2 Gaba,NOT
e18b6b2f-ee7f-41cd-9bdb-2fcb70c920c4,0857 SC Lef1 Otx2 Gaba_1,C57BL6J-638850.33,GABA,MB,3741 SC Lef1 Otx2 Gaba_1,20 MB GABA,NOT,208 SC Lef1 Otx2 Gaba,NOT
09470500-2850-4f33-b455-ab8f9ec08ef6,0875 SCsg Gabrr2 Gaba_4,C57BL6J-638850.33,GABA,MB,3821 SCsg Gabrr2 Gaba_4,20 MB GABA,NOT,213 SCsg Gabrr2 Gaba,NOT
e05dc782-26bf-4e1c-a0c3-4d799006044f,0857 SC Lef1 Otx2 Gaba_1,C57BL6J-638850.33,GABA,MB,3742 SC Lef1 Otx2 Gaba_1,20 MB GABA,NOT,208 SC Lef1 Otx2 Gaba,NOT
d0995d67-c0c4-46d6-9032-deea8573374e,0872 SCsg Gabrr2 Gaba_1,C57BL6J-638850.33,GABA,MB,3798 SCsg Gabrr2 Gaba_1,20 MB GABA,NOT,213 SCsg Gabrr2 Gaba,NOT
a67ee579-d2d9-4cc0-9a9a-54d78b519766,0872 SCsg Gabrr2 Gaba_1,C57BL6J-638850.33,GABA,MB,3797 SCsg Gabrr2 Gaba_1,20 MB GABA,NOT,213 SCsg Gabrr2 Gaba,NOT
2bf9ba0b-47ec-4820-8242-de84ba3b666c,0830 PRT Tcf7l2 Gaba_2,C57BL6J-638850.33,GABA,MB,3607 PRT Tcf7l2 Gaba_2,20 MB GABA,NOT,202 PRT Tcf7l2 Gaba,NOT
af43bf33-0243-415f-947b-c2e7fafa3065,0864 PRT Mecom Gaba_1,C57BL6J-638850.33,GABA-Glyc,MB,3764 PRT Mecom Gaba_1,20 MB GABA,NOT,210 PRT Mecom Gaba,NOT
072837ee-9e0c-4b1c-9b03-4c1a24ff8cfe,0841 SC Otx2 Gcnt4 Gaba_1,C57BL6J-638850.33,GABA,MB,3671 SC Otx2 Gcnt4 Gaba_1,20 MB GABA,NOT,204 SC Otx2 Gcnt4 Gaba,NOT
fb216588-786c-4efa-9b74-e95a41f4920a,1057 LDT-PCG-CS Gata3 Lhx1 Gaba_2,C57BL6J-638850.33,GABA,MB,4742 LDT-PCG-CS Gata3 Lhx1 Gaba_2,26 P GABA,NOT,272 LDT-PCG-CS Gata3 Lhx1 Gaba,NOT
ba76176d-a29e-4807-8927-3b1ca52f457f,0951 NLL-SOC Spp1 Glut_2,C57BL6J-638850.33,Glut,MB,4196 NLL-SOC Spp1 Glut_2,23 P Glut,NOT,233 NLL-SOC Spp1 Glut,NOT
3972ead9-6d82-4f4d-b04e-4172d7e14750,0830 PRT Tcf7l2 Gaba_2,C57BL6J-638850.33,GABA,MB,3612 PRT Tcf7l2 Gaba_2,20 MB GABA,NOT,202 PRT Tcf7l2 Gaba,NOT
d23ad692-7d66-46f4-925c-f3b093bf5fec,0830 PRT Tcf7l2 Gaba_2,C57BL6J-638850.33,GABA,MB,3610 PRT Tcf7l2 Gaba_2,20 MB GABA,NOT,202 PRT Tcf7l2 Gaba,NOT
07e642aa-ad94-4ace-8507-970feb650e4a,0855 SCs Dmbx1 Gaba_4,C57BL6J-638850.33,GABA,MB,3736 SCs Dmbx1 Gaba_4,20 MB GABA,NOT,207 SCs Dmbx1 Gaba,NOT
d2808ef5-6afd-4441-9686-66cbeea89d83,0856 SCs Dmbx1 Gaba_5,C57BL6J-638850.33,GABA,MB,3740 SCs Dmbx1 Gaba_5,20 MB GABA,NOT,207 SCs Dmbx1 Gaba,NOT
aab19f5a-3bf0-4e1a-9c8f-799fd39c2156,0875 SCsg Gabrr2 Gaba_4,C57BL6J-638850.33,GABA,MB,3824 SCsg Gabrr2 Gaba_4,20 MB GABA,NOT,213 SCsg Gabrr2 Gaba,NOT
52ae41c2-8588-451e-8082-1a2187a39989,0872 SCsg Gabrr2 Gaba_1,C57BL6J-638850.33,GABA,MB,3797 SCsg Gabrr2 Gaba_1,20 MB GABA,NOT,213 SCsg Gabrr2 Gaba,NOT
c0336eda-449a-46e3-8d3f-16ed6170ded6,0852 SCs Dmbx1 Gaba_1,C57BL6J-638850.33,GABA,MB,3723 SCs Dmbx1 Gaba_1,20 MB GABA,NOT,207 SCs Dmbx1 Gaba,NOT
73391b9b-cf71-448d-9a33-025f39b3d2fc,0872 SCsg Gabrr2 Gaba_1,C57BL6J-638850.33,GABA,MB,3801 SCsg Gabrr2 Gaba_1,20 MB GABA,NOT,213 SCsg Gabrr2 Gaba,NOT
d1a87d09-5d52-4747-a52c-35226b2037f3,0830 PRT Tcf7l2 Gaba_2,C57BL6J-638850.33,GABA,MB,3608 PRT Tcf7l2 Gaba_2,20 MB GABA,NOT,202 PRT Tcf7l2 Gaba,NOT
c5da95bd-ff57-401d-91a4-4c0d6cc52bc8,0868 SC Tnnt1 Gli3 Gaba_2,C57BL6J-638850.33,GABA,MB,3783 SC Tnnt1 Gli3 Gaba_2,20 MB GABA,NOT,211 SC Tnnt1 Gli3 Gaba,NOT
90245530-6ff9-40ad-872f-d760ac9ee767,0855 SCs Dmbx1 Gaba_4,C57BL6J-638850.33,GABA,MB,3739 SCs Dmbx1 Gaba_4,20 MB GABA,NOT,207 SCs Dmbx1 Gaba,NOT
ca871363-4719-46e1-b2a4-b629a3217afa,0855 SCs Dmbx1 Gaba_4,C57BL6J-638850.33,GABA,MB,3739 SCs Dmbx1 Gaba_4,20 MB GABA,NOT,207 SCs Dmbx1 Gaba,NOT
c83f43e0-18fb-436e-9c72-3504c6c81cdc,0857 SC Lef1 Otx2 Gaba_1,C57BL6J-638850.33,GABA,MB,3741 SC Lef1 Otx2 Gaba_1,20 MB GABA,NOT,208 SC Lef1 Otx2 Gaba,NOT
6d53a7e9-c993-4f95-b176-e64fa6c75e6d,0841 SC Otx2 Gcnt4 Gaba_1,C57BL6J-638850.33,GABA,MB,3671 SC Otx2 Gcnt4 Gaba_1,20 MB GABA,NOT,204 SC Otx2 Gcnt4 Gaba,NOT
aaeee847-8121-4b1d-96e4-6873818b9bac,0872 SCsg Gabrr2 Gaba_1,C57BL6J-638850.33,GABA,MB,3798 SCsg Gabrr2 Gaba_1,20 MB GABA,NOT,213 SCsg Gabrr2 Gaba,NOT
29209ae3-c400-4693-8373-6f05a5e80b99,0855 SCs Dmbx1 Gaba_4,C57BL6J-638850.33,GABA,MB,3736 SCs Dmbx1 Gaba_4,20 MB GABA,NOT,207 SCs Dmbx1 Gaba,NOT
eb6e89e9-24d8-4adf-b679-ef3d6318ff97,0830 PRT Tcf7l2 Gaba_2,C57BL6J-638850.33,GABA,MB,3608 PRT Tcf7l2 Gaba_2,20 MB GABA,NOT,202 PRT Tcf7l2 Gaba,NOT
3b62f4c1-e9d4-4113-9f6a-bf941bcb9b95,0852 SCs Dmbx1 Gaba_1,C57BL6J-638850.33,GABA,MB,3727 SCs Dmbx1 Gaba_1,20 MB GABA,NOT,207 SCs Dmbx1 Gaba,NOT
23672600-92ea-4523-9eb5-4d8d19d01de6,0872 SCsg Gabrr2 Gaba_1,C57BL6J-638850.33,GABA,MB,3799 SCsg Gabrr2 Gaba_1,20 MB GABA,NOT,213 SCsg Gabrr2 Gaba,NOT
675fcc55-e163-4c48-ab13-6bb1c16cd44f,0843 SC-PAG Lef1 Emx2 Gaba_1,C57BL6J-638850.33,GABA,MB,3680 SC-PAG Lef1 Emx2 Gaba_1,20 MB GABA,NOT,205 SC-PAG Lef1 Emx2 Gaba,NOT
af1df937-b0ea-46b9-9927-94269a850b4e,0872 SCsg Gabrr2 Gaba_1,C57BL6J-638850.33,GABA,MB,3797 SCsg Gabrr2 Gaba_1,20 MB GABA,NOT,213 SCsg Gabrr2 Gaba,NOT
22feb1b2-3ca8-49b6-8152-1c48a323fd09,0872 SCsg Gabrr2 Gaba_1,C57BL6J-638850.33,GABA,MB,3798 SCsg Gabrr2 Gaba_1,20 MB GABA,NOT,213 SCsg Gabrr2 Gaba,NOT
22b5f0be-1411-4251-a9e9-52828a8a38ff,0855 SCs Dmbx1 Gaba_4,C57BL6J-638850.33,GABA,MB,3736 SCs Dmbx1 Gaba_4,20 MB GABA,NOT,207 SCs Dmbx1 Gaba,NOT
58151f82-2639-4c6a-b21c-26a7012c68a7,0872 SCsg Gabrr2 Gaba_1,C57BL6J-638850.33,GABA,MB,3804 SCsg Gabrr2 Gaba_1,20 MB GABA,NOT,213 SCsg Gabrr2 Gaba,NOT
176c0467-21c1-414b-bee3-5f6482aaa490,0864 PRT Mecom Gaba_1,C57BL6J-638850.33,GABA-Glyc,MB,3764 PRT Mecom Gaba_1,20 MB GABA,NOT,210 PRT Mecom Gaba,NOT
bef4d552-826e-4b35-833d-29629e11d056,0832 PRT Tcf7l2 Gaba_4,C57BL6J-638850.33,GABA,MB,3627 PRT Tcf7l2 Gaba_4,20 MB GABA,NOT,202 PRT Tcf7l2 Gaba,NOT
245d9b1a-9f3c-440b-a704-e87565063fd9,0860 SCs Pax7 Nfia Gaba_2,C57BL6J-638850.33,GABA,MB,3751 SCs Pax7 Nfia Gaba_2,20 MB GABA,NOT,209 SCs Pax7 Nfia Gaba,NOT
c0fbbb90-6b32-4733-af6b-1c91813616bd,0830 PRT Tcf7l2 Gaba_2,C57BL6J-638850.33,GABA,MB,3611 PRT Tcf7l2 Gaba_2,20 MB GABA,NOT,202 PRT Tcf7l2 Gaba,NOT
3ec78b6d-1167-49a3-b4ed-081de0a83b0b,0855 SCs Dmbx1 Gaba_4,C57BL6J-638850.33,GABA,MB,3739 SCs Dmbx1 Gaba_4,20 MB GABA,NOT,207 SCs Dmbx1 Gaba,NOT
d55c43be-d9de-45e9-87d5-d96378839829,0830 PRT Tcf7l2 Gaba_2,C57BL6J-638850.33,GABA,MB,3612 PRT Tcf7l2 Gaba_2,20 MB GABA,NOT,202 PRT Tcf7l2 Gaba,NOT
557c9d69-62b1-496d-9caf-cad6dee6de36,0857 SC Lef1 Otx2 Gaba_1,C57BL6J-638850.33,GABA,MB,3741 SC Lef1 Otx2 Gaba_1,20 MB GABA,NOT,208 SC Lef1 Otx2 Gaba,NOT
dc30348f-c5c0-4a44-8a68-949f059ba017,0857 SC Lef1 Otx2 Gaba_1,C57BL6J-638850.33,GABA,MB,3742 SC Lef1 Otx2 Gaba_1,20 MB GABA,NOT,208 SC Lef1 Otx2 Gaba,NOT
8ea44cf2-1d4f-42bf-b5e1-5eef9a7ce5f3,0866 PRT Mecom Gaba_3,C57BL6J-638850.33,GABA-Glyc,MB,3774 PRT Mecom Gaba_3,20 MB GABA,NOT,210 PRT Mecom Gaba,NOT
fd9de86c-c887-4a5e-826f-2bdc263e90d9,0830 PRT Tcf7l2 Gaba_2,C57BL6J-638850.33,GABA,MB,3611 PRT Tcf7l2 Gaba_2,20 MB GABA,NOT,202 PRT Tcf7l2 Gaba,NOT
4ba5f1c5-ca52-45e0-b030-1cfb100a578e,0864 PRT Mecom Gaba_1,C57BL6J-638850.33,GABA-Glyc,MB,3764 PRT Mecom Gaba_1,20 MB GABA,NOT,210 PRT Mecom Gaba,NOT
3d764da1-257d-465d-b614-057d2b81966b,0866 PRT Mecom Gaba_3,C57BL6J-638850.33,GABA-Glyc,MB,3774 PRT Mecom Gaba_3,20 MB GABA,NOT,210 PRT Mecom Gaba,NOT
2269a69a-3faf-4a4c-9178-c8a5f3ff16f8,0832 PRT Tcf7l2 Gaba_4,C57BL6J-638850.33,GABA,MB,3627 PRT Tcf7l2 Gaba_4,20 MB GABA,NOT,202 PRT Tcf7l2 Gaba,NOT
595dc5cb-3bd8-4991-91a3-284848637bc4,0872 SCsg Gabrr2 Gaba_1,C57BL6J-638850.33,GABA,MB,3799 SCsg Gabrr2 Gaba_1,20 MB GABA,NOT,213 SCsg Gabrr2 Gaba,NOT
03f33b75-f8d5-41ac-beb7-34959f41e03a,0862 SCs Pax7 Nfia Gaba_4,C57BL6J-638850.33,GABA,MB,3758 SCs Pax7 Nfia Gaba_4,20 MB GABA,NOT,209 SCs Pax7 Nfia Gaba,NOT
9978a071-e8fe-4b1f-9ac1-3309d0b0deee,0830 PRT Tcf7l2 Gaba_2,C57BL6J-638850.33,GABA,MB,3612 PRT Tcf7l2 Gaba_2,20 MB GABA,NOT,202 PRT Tcf7l2 Gaba,NOT
8b3c03fe-116c-4394-a4fd-e5516293f902,0855 SCs Dmbx1 Gaba_4,C57BL6J-638850.33,GABA,MB,3739 SCs Dmbx1 Gaba_4,20 MB GABA,NOT,207 SCs Dmbx1 Gaba,NOT
0b2cd842-be1a-413c-92fb-e0b3848ea780,0876 SCsg Gabrr2 Gaba_5,C57BL6J-638850.33,GABA,MB,3827 SCsg Gabrr2 Gaba_5,20 MB GABA,NOT,213 SCsg Gabrr2 Gaba,NOT
adce34cb-a59f-4035-9e81-0b445ed56325,0855 SCs Dmbx1 Gaba_4,C57BL6J-638850.33,GABA,MB,3739 SCs Dmbx1 Gaba_4,20 MB GABA,NOT,207 SCs Dmbx1 Gaba,NOT
8617d060-d2d2-41a0-9937-864f31f9f3eb,0830 PRT Tcf7l2 Gaba_2,C57BL6J-638850.33,GABA,MB,3607 PRT Tcf7l2 Gaba_2,20 MB GABA,NOT,202 PRT Tcf7l2 Gaba,NOT
3c7e63cb-be43-4976-a863-f4814f1912b0,0830 PRT Tcf7l2 Gaba_2,C57BL6J-638850.33,GABA,MB,3611 PRT Tcf7l2 Gaba_2,20 MB GABA,NOT,202 PRT Tcf7l2 Gaba,NOT
0596d7c2-392b-41fa-ba08-c3b4640044d4,0864 PRT Mecom Gaba_1,C57BL6J-638850.33,GABA-Glyc,MB,3767 PRT Mecom Gaba_1,20 MB GABA,NOT,210 PRT Mecom Gaba,NOT
23848a90-976d-4f1a-a160-9da8ca854a41,0855 SCs Dmbx1 Gaba_4,C57BL6J-638850.33,GABA,MB,3736 SCs Dmbx1 Gaba_4,20 MB GABA,NOT,207 SCs Dmbx1 Gaba,NOT
0f7a985a-9593-456a-9e2c-c72eeb5b0cbc,0876 SCsg Gabrr2 Gaba_5,C57BL6J-638850.33,GABA,MB,3826 SCsg Gabrr2 Gaba_5,20 MB GABA,NOT,213 SCsg Gabrr2 Gaba,NOT
3c5b3ad3-cefa-4053-a547-643429865ddf,0872 SCsg Gabrr2 Gaba_1,C57BL6J-638850.33,GABA,MB,3798 SCsg Gabrr2 Gaba_1,20 MB GABA,NOT,213 SCsg Gabrr2 Gaba,NOT
ff04ac1e-470c-41bb-94bf-2afc87f44cfa,0864 PRT Mecom Gaba_1,C57BL6J-638850.33,GABA-Glyc,MB,3767 PRT Mecom Gaba_1,20 MB GABA,NOT,210 PRT Mecom Gaba,NOT
90247422-947d-47f6-a43d-65b06564aa03,0832 PRT Tcf7l2 Gaba_4,C57BL6J-638850.33,GABA,MB,3627 PRT Tcf7l2 Gaba_4,20 MB GABA,NOT,202 PRT Tcf7l2 Gaba,NOT
a4608b59-0de2-4226-b0ec-90945f0c115a,0856 SCs Dmbx1 Gaba_5,C57BL6J-638850.33,GABA,MB,3740 SCs Dmbx1 Gaba_5,20 MB GABA,NOT,207 SCs Dmbx1 Gaba,NOT
6352ce04-5df0-408f-b6e8-34b8af9e9706,0841 SC Otx2 Gcnt4 Gaba_1,C57BL6J-638850.33,GABA,MB,3669 SC Otx2 Gcnt4 Gaba_1,20 MB GABA,NOT,204 SC Otx2 Gcnt4 Gaba,NOT
3125c8a9-4f5c-491e-b3a8-d1323ecdaecc,0830 PRT Tcf7l2 Gaba_2,C57BL6J-638850.33,GABA,MB,3611 PRT Tcf7l2 Gaba_2,20 MB GABA,NOT,202 PRT Tcf7l2 Gaba,NOT
73e71e89-d31f-4251-903b-b397eb3ee636,0856 SCs Dmbx1 Gaba_5,C57BL6J-638850.33,GABA,MB,3740 SCs Dmbx1 Gaba_5,20 MB GABA,NOT,207 SCs Dmbx1 Gaba,NOT
1f9ac1a5-2ee6-41f7-b7dc-2a2e08b2980a,0830 PRT Tcf7l2 Gaba_2,C57BL6J-638850.33,GABA,MB,3608 PRT Tcf7l2 Gaba_2,20 MB GABA,NOT,202 PRT Tcf7l2 Gaba,NOT
2e997a56-07a1-4569-9772-502525b3e093,0830 PRT Tcf7l2 Gaba_2,C57BL6J-638850.33,GABA,MB,3607 PRT Tcf7l2 Gaba_2,20 MB GABA,NOT,202 PRT Tcf7l2 Gaba,NOT
26794746-b697-4df0-868f-08e00e22194c,0857 SC Lef1 Otx2 Gaba_1,C57BL6J-638850.33,GABA,MB,3741 SC Lef1 Otx2 Gaba_1,20 MB GABA,NOT,208 SC Lef1 Otx2 Gaba,NOT
bfdc9789-f4f6-44fc-a29b-43bdf2842881,0841 SC Otx2 Gcnt4 Gaba_1,C57BL6J-638850.33,GABA,MB,3671 SC Otx2 Gcnt4 Gaba_1,20 MB GABA,NOT,204 SC Otx2 Gcnt4 Gaba,NOT
7cfbccd8-e8f5-4737-9673-0824d6f64843,0830 PRT Tcf7l2 Gaba_2,C57BL6J-638850.33,GABA,MB,3612 PRT Tcf7l2 Gaba_2,20 MB GABA,NOT,202 PRT Tcf7l2 Gaba,NOT
25314c69-6371-4d8a-ae02-1f719de1faff,0841 SC Otx2 Gcnt4 Gaba_1,C57BL6J-638850.33,GABA,MB,3671 SC Otx2 Gcnt4 Gaba_1,20 MB GABA,NOT,204 SC Otx2 Gcnt4 Gaba,NOT
3d724013-e81b-40e1-93d5-5da4034c55c7,0855 SCs Dmbx1 Gaba_4,C57BL6J-638850.33,GABA,MB,3736 SCs Dmbx1 Gaba_4,20 MB GABA,NOT,207 SCs Dmbx1 Gaba,NOT
f2e61331-3649-4964-a329-bc60400a8e52,0852 SCs Dmbx1 Gaba_1,C57BL6J-638850.33,GABA,MB,3724 SCs Dmbx1 Gaba_1,20 MB GABA,NOT,207 SCs Dmbx1 Gaba,NOT
dbe582dd-ca19-4b63-a671-15faecf7d02d,0856 SCs Dmbx1 Gaba_5,C57BL6J-638850.33,GABA,MB,3740 SCs Dmbx1 Gaba_5,20 MB GABA,NOT,207 SCs Dmbx1 Gaba,NOT
7d9f01be-16ad-436f-82e4-56a314be51bb,0830 PRT Tcf7l2 Gaba_2,C57BL6J-638850.33,GABA,MB,3607 PRT Tcf7l2 Gaba_2,20 MB GABA,NOT,202 PRT Tcf7l2 Gaba,NOT
55afdcfb-4e87-4c3a-91f0-2ca073ba31ca,0872 SCsg Gabrr2 Gaba_1,C57BL6J-638850.33,GABA,MB,3799 SCsg Gabrr2 Gaba_1,20 MB GABA,NOT,213 SCsg Gabrr2 Gaba,NOT
8a8b22b4-566e-4674-be6c-15e82dfad01b,0830 PRT Tcf7l2 Gaba_2,C57BL6J-638850.33,GABA,MB,3607 PRT Tcf7l2 Gaba_2,20 MB GABA,NOT,202 PRT Tcf7l2 Gaba,NOT
97c13635-64d6-4505-a9be-2a6e56f363ed,0857 SC Lef1 Otx2 Gaba_1,C57BL6J-638850.33,GABA,MB,3743 SC Lef1 Otx2 Gaba_1,20 MB GABA,NOT,208 SC Lef1 Otx2 Gaba,NOT
fd6704ae-a91a-45c7-a18d-f90fe11e19a5,0872 SCsg Gabrr2 Gaba_1,C57BL6J-638850.33,GABA,MB,3798 SCsg Gabrr2 Gaba_1,20 MB GABA,NOT,213 SCsg Gabrr2 Gaba,NOT
9bce9268-e39e-4960-8ec1-82a9aa736388,0856 SCs Dmbx1 Gaba_5,C57BL6J-638850.33,GABA,MB,3740 SCs Dmbx1 Gaba_5,20 MB GABA,NOT,207 SCs Dmbx1 Gaba,NOT
8a049a14-b97f-493e-a052-dedaa16dbd16,0852 SCs Dmbx1 Gaba_1,C57BL6J-638850.33,GABA,MB,3727 SCs Dmbx1 Gaba_1,20 MB GABA,NOT,207 SCs Dmbx1 Gaba,NOT
fefb0769-7323-4872-931b-4dc4cf5bbb46,0875 SCsg Gabrr2 Gaba_4,C57BL6J-638850.33,GABA,MB,3821 SCsg Gabrr2 Gaba_4,20 MB GABA,NOT,213 SCsg Gabrr2 Gaba,NOT
77344fe1-e5d4-4805-b690-ab3ee7a7579a,0864 PRT Mecom Gaba_1,C57BL6J-638850.33,GABA,MB,3761 PRT Mecom Gaba_1,20 MB GABA,NOT,210 PRT Mecom Gaba,NOT
5123872d-ca54-46d9-8ba5-4ec76bd48461,0852 SCs Dmbx1 Gaba_1,C57BL6J-638850.33,GABA,MB,3724 SCs Dmbx1 Gaba_1,20 MB GABA,NOT,207 SCs Dmbx1 Gaba,NOT
5cae7ba6-0687-4230-b7a8-4d18ccebd6ae,0841 SC Otx2 Gcnt4 Gaba_1,C57BL6J-638850.33,GABA,MB,3671 SC Otx2 Gcnt4 Gaba_1,20 MB GABA,NOT,204 SC Otx2 Gcnt4 Gaba,NOT
a72cf756-592e-4866-8ca9-2d57e72e6003,0830 PRT Tcf7l2 Gaba_2,C57BL6J-638850.33,GABA,MB,3611 PRT Tcf7l2 Gaba_2,20 MB GABA,NOT,202 PRT Tcf7l2 Gaba,NOT
ebac711f-3fc3-4a8d-a759-44687f30534e,0764 SCig-an-PPT Foxb1 Glut_1,C57BL6J-638850.33,Glut,MB,3244 SCig-an-PPT Foxb1 Glut_1,19 MB Glut,NOT,177 SCig-an-PPT Foxb1 Glut,NOT
5e210229-b531-41c5-92d0-af97042d6762,0764 SCig-an-PPT Foxb1 Glut_1,C57BL6J-638850.33,Glut,MB,3244 SCig-an-PPT Foxb1 Glut_1,19 MB Glut,NOT,177 SCig-an-PPT Foxb1 Glut,NOT
2ffec93d-4bc1-4d42-be16-192fe61417c0,0764 SCig-an-PPT Foxb1 Glut_1,C57BL6J-638850.33,Glut,MB,3243 SCig-an-PPT Foxb1 Glut_1,19 MB Glut,NOT,177 SCig-an-PPT Foxb1 Glut,NOT
8d5b2a7c-9596-4d1f-b167-960ce22c64dd,0764 SCig-an-PPT Foxb1 Glut_1,C57BL6J-638850.33,Glut,MB,3243 SCig-an-PPT Foxb1 Glut_1,19 MB Glut,NOT,177 SCig-an-PPT Foxb1 Glut,NOT
5c912f73-8297-4b48-bf95-91d2c2d41310,0764 SCig-an-PPT Foxb1 Glut_1,C57BL6J-638850.33,Glut,MB,3244 SCig-an-PPT Foxb1 Glut_1,19 MB Glut,NOT,177 SCig-an-PPT Foxb1 Glut,NOT
8783a277-6e1b-4563-a638-01ea090df850,0764 SCig-an-PPT Foxb1 Glut_1,C57BL6J-638850.33,Glut,MB,3244 SCig-an-PPT Foxb1 Glut_1,19 MB Glut,NOT,177 SCig-an-PPT Foxb1 Glut,NOT
e8f57190-fabc-4baa-8d2f-3cde0eb491b9,0764 SCig-an-PPT Foxb1 Glut_1,C57BL6J-638850.33,Glut,MB,3244 SCig-an-PPT Foxb1 Glut_1,19 MB Glut,NOT,177 SCig-an-PPT Foxb1 Glut,NOT
4181d6f2-1ee4-4969-923d-e700a2d447f4,0715 PRC-PAG Tcf7l2 Irx2 Glut_3,C57BL6J-638850.33,Glut,MB,2918 PRC-PAG Tcf7l2 Irx2 Glut_3,19 MB Glut,NOT,167 PRC-PAG Tcf7l2 Irx2 Glut,NOT
8169ef0a-9258-43c6-93bc-1e1d694aa8bc,0764 SCig-an-PPT Foxb1 Glut_1,C57BL6J-638850.33,Glut,MB,3244 SCig-an-PPT Foxb1 Glut_1,19 MB Glut,NOT,177 SCig-an-PPT Foxb1 Glut,NOT
249b4aeb-a14a-4ba5-b1a3-958f85c4ccea,0764 SCig-an-PPT Foxb1 Glut_1,C57BL6J-638850.33,Glut,MB,3243 SCig-an-PPT Foxb1 Glut_1,19 MB Glut,NOT,177 SCig-an-PPT Foxb1 Glut,NOT
efc3e58e-0738-4933-ab9f-7360169fbe1c,0764 SCig-an-PPT Foxb1 Glut_1,C57BL6J-638850.33,Glut,MB,3249 SCig-an-PPT Foxb1 Glut_1,19 MB Glut,NOT,177 SCig-an-PPT Foxb1 Glut,NOT
92a261c0-8c79-42d9-87c0-97290f5e45c8,0764 SCig-an-PPT Foxb1 Glut_1,C57BL6J-638850.33,Glut,MB,3243 SCig-an-PPT Foxb1 Glut_1,19 MB Glut,NOT,177 SCig-an-PPT Foxb1 Glut,NOT
8bd2a046-a3ba-4aa7-8779-cf3c55f46905,0764 SCig-an-PPT Foxb1 Glut_1,C57BL6J-638850.33,Glut,MB,3243 SCig-an-PPT Foxb1 Glut_1,19 MB Glut,NOT,177 SCig-an-PPT Foxb1 Glut,NOT
ca9d4e0a-3dd8-4bfe-9259-09017da591b5,0764 SCig-an-PPT Foxb1 Glut_1,C57BL6J-638850.33,Glut,MB,3244 SCig-an-PPT Foxb1 Glut_1,19 MB Glut,NOT,177 SCig-an-PPT Foxb1 Glut,NOT
e40e39b6-5921-40d2-9c9f-c638c2fd253f,0764 SCig-an-PPT Foxb1 Glut_1,C57BL6J-638850.33,Glut,MB,3241 SCig-an-PPT Foxb1 Glut_1,19 MB Glut,NOT,177 SCig-an-PPT Foxb1 Glut,NOT
7639cd21-062c-448e-a697-23052fd51528,0764 SCig-an-PPT Foxb1 Glut_1,C57BL6J-638850.33,Glut,MB,3243 SCig-an-PPT Foxb1 Glut_1,19 MB Glut,NOT,177 SCig-an-PPT Foxb1 Glut,NOT
9794b47a-22ee-4330-9efe-14edceb6f6df,0764 SCig-an-PPT Foxb1 Glut_1,C57BL6J-638850.33,Glut,MB,3249 SCig-an-PPT Foxb1 Glut_1,19 MB Glut,NOT,177 SCig-an-PPT Foxb1 Glut,NOT
9c5c084c-a821-4fb1-a728-b03432f5a461,0764 SCig-an-PPT Foxb1 Glut_1,C57BL6J-638850.33,Glut,MB,3243 SCig-an-PPT Foxb1 Glut_1,19 MB Glut,NOT,177 SCig-an-PPT Foxb1 Glut,NOT
81783784-8b55-4433-a2ce-8f1ded3fd6ae,0764 SCig-an-PPT Foxb1 Glut_1,C57BL6J-638850.33,Glut,MB,3243 SCig-an-PPT Foxb1 Glut_1,19 MB Glut,NOT,177 SCig-an-PPT Foxb1 Glut,NOT
376195a5-ad23-460f-8225-a61a71f1dabb,0715 PRC-PAG Tcf7l2 Irx2 Glut_3,C57BL6J-638850.33,Glut,MB,2917 PRC-PAG Tcf7l2 Irx2 Glut_3,19 MB Glut,NOT,167 PRC-PAG Tcf7l2 Irx2 Glut,NOT
b4985532-d5d9-48b5-ba2a-ab54066cd355,0764 SCig-an-PPT Foxb1 Glut_1,C57BL6J-638850.33,Glut,MB,3244 SCig-an-PPT Foxb1 Glut_1,19 MB Glut,NOT,177 SCig-an-PPT Foxb1 Glut,NOT
a0d23d08-5879-482e-a67d-03ade9f53db7,0764 SCig-an-PPT Foxb1 Glut_1,C57BL6J-638850.33,Glut,MB,3249 SCig-an-PPT Foxb1 Glut_1,19 MB Glut,NOT,177 SCig-an-PPT Foxb1 Glut,NOT
f6956cb5-eca5-4086-bc8f-3c902da4e2cc,0715 PRC-PAG Tcf7l2 Irx2 Glut_3,C57BL6J-638850.33,Glut,MB,2917 PRC-PAG Tcf7l2 Irx2 Glut_3,19 MB Glut,NOT,167 PRC-PAG Tcf7l2 Irx2 Glut,NOT
9cad7a8f-99be-4514-9b15-56c72d5e9eb4,0764 SCig-an-PPT Foxb1 Glut_1,C57BL6J-638850.33,Glut,MB,3243 SCig-an-PPT Foxb1 Glut_1,19 MB Glut,NOT,177 SCig-an-PPT Foxb1 Glut,NOT
b0ab0c34-fb5c-4e91-a1a9-3de6ab951155,0764 SCig-an-PPT Foxb1 Glut_1,C57BL6J-638850.33,Glut,MB,3243 SCig-an-PPT Foxb1 Glut_1,19 MB Glut,NOT,177 SCig-an-PPT Foxb1 Glut,NOT
c8d529f7-9d26-481a-8948-3dc64560bf2b,0764 SCig-an-PPT Foxb1 Glut_1,C57BL6J-638850.33,Glut,MB,3244 SCig-an-PPT Foxb1 Glut_1,19 MB Glut,NOT,177 SCig-an-PPT Foxb1 Glut,NOT
1ac124c2-ee25-4527-a6ea-9d218a369c48,0764 SCig-an-PPT Foxb1 Glut_1,C57BL6J-638850.33,Glut,MB,3244 SCig-an-PPT Foxb1 Glut_1,19 MB Glut,NOT,177 SCig-an-PPT Foxb1 Glut,NOT
b5644d62-aff6-4eb8-97b4-ce689fdf2fd0,0764 SCig-an-PPT Foxb1 Glut_1,C57BL6J-638850.33,Glut,MB,3243 SCig-an-PPT Foxb1 Glut_1,19 MB Glut,NOT,177 SCig-an-PPT Foxb1 Glut,NOT
364e80f7-2372-48b6-8932-0cccd92086cb,0764 SCig-an-PPT Foxb1 Glut_1,C57BL6J-638850.33,Glut,MB,3249 SCig-an-PPT Foxb1 Glut_1,19 MB Glut,NOT,177 SCig-an-PPT Foxb1 Glut,NOT
6510565f-800f-42e9-8192-76de19ad47e9,0764 SCig-an-PPT Foxb1 Glut_1,C57BL6J-638850.33,Glut,MB,3243 SCig-an-PPT Foxb1 Glut_1,19 MB Glut,NOT,177 SCig-an-PPT Foxb1 Glut,NOT
f1b777b8-9855-459d-838e-263279eafa12,0764 SCig-an-PPT Foxb1 Glut_1,C57BL6J-638850.33,Glut,MB,3243 SCig-an-PPT Foxb1 Glut_1,19 MB Glut,NOT,177 SCig-an-PPT Foxb1 Glut,NOT
afc5a134-1d72-44b5-8b56-85cf61aa00ed,0764 SCig-an-PPT Foxb1 Glut_1,C57BL6J-638850.33,Glut,MB,3243 SCig-an-PPT Foxb1 Glut_1,19 MB Glut,NOT,177 SCig-an-PPT Foxb1 Glut,NOT
9e2c15ad-a6f3-4e9f-8251-2abca38f82f7,0764 SCig-an-PPT Foxb1 Glut_1,C57BL6J-638850.33,Glut,MB,3244 SCig-an-PPT Foxb1 Glut_1,19 MB Glut,NOT,177 SCig-an-PPT Foxb1 Glut,NOT
9dbdcdcd-1751-43d8-8db7-736ba7df260e,0764 SCig-an-PPT Foxb1 Glut_1,C57BL6J-638850.33,Glut,MB,3243 SCig-an-PPT Foxb1 Glut_1,19 MB Glut,NOT,177 SCig-an-PPT Foxb1 Glut,NOT
8fa1b8dd-7d7c-4a65-a362-2a5ab1bf22b9,0764 SCig-an-PPT Foxb1 Glut_1,C57BL6J-638850.33,Glut,MB,3249 SCig-an-PPT Foxb1 Glut_1,19 MB Glut,NOT,177 SCig-an-PPT Foxb1 Glut,NOT
7f8728f9-a89b-4cfc-ab13-f29a7dea43b8,0764 SCig-an-PPT Foxb1 Glut_1,C57BL6J-638850.33,Glut,MB,3241 SCig-an-PPT Foxb1 Glut_1,19 MB Glut,NOT,177 SCig-an-PPT Foxb1 Glut,NOT
1d982c0c-c549-4b35-988c-fea90a1a1b7c,0764 SCig-an-PPT Foxb1 Glut_1,C57BL6J-638850.33,Glut,MB,3243 SCig-an-PPT Foxb1 Glut_1,19 MB Glut,NOT,177 SCig-an-PPT Foxb1 Glut,NOT
2fae5243-dda1-4cde-88e0-615e5aaf5c0f,0764 SCig-an-PPT Foxb1 Glut_1,C57BL6J-638850.33,Glut,MB,3244 SCig-an-PPT Foxb1 Glut_1,19 MB Glut,NOT,177 SCig-an-PPT Foxb1 Glut,NOT
7e501001-351c-46d2-80a5-e1971e367844,0715 PRC-PAG Tcf7l2 Irx2 Glut_3,C57BL6J-638850.33,Glut,MB,2917 PRC-PAG Tcf7l2 Irx2 Glut_3,19 MB Glut,NOT,167 PRC-PAG Tcf7l2 Irx2 Glut,NOT
33761cf8-68ad-40b4-ab5c-a6c2e2bb0a1e,0761 SCig Foxb1 Glut_2,C57BL6J-638850.33,Glut,MB,3223 SCig Foxb1 Glut_2,19 MB Glut,NOT,176 SCig Foxb1 Glut,NOT
c569822b-6cfd-44ec-9b3e-f7721440e5aa,0715 PRC-PAG Tcf7l2 Irx2 Glut_3,C57BL6J-638850.33,Glut,MB,2917 PRC-PAG Tcf7l2 Irx2 Glut_3,19 MB Glut,NOT,167 PRC-PAG Tcf7l2 Irx2 Glut,NOT
7e2d98f8-2d1e-4355-8756-4fa845935cda,0764 SCig-an-PPT Foxb1 Glut_1,C57BL6J-638850.33,Glut,MB,3244 SCig-an-PPT Foxb1 Glut_1,19 MB Glut,NOT,177 SCig-an-PPT Foxb1 Glut,NOT
070d1ba8-0bd4-45ab-965b-eeaa3614acae,0764 SCig-an-PPT Foxb1 Glut_1,C57BL6J-638850.33,Glut,MB,3243 SCig-an-PPT Foxb1 Glut_1,19 MB Glut,NOT,177 SCig-an-PPT Foxb1 Glut,NOT
eee40c1f-c60f-408b-9fe5-a4acfb23833f,0764 SCig-an-PPT Foxb1 Glut_1,C57BL6J-638850.33,Glut,MB,3243 SCig-an-PPT Foxb1 Glut_1,19 MB Glut,NOT,177 SCig-an-PPT Foxb1 Glut,NOT
0a158735-2f93-43e7-b99f-efc9c16d28ff,0764 SCig-an-PPT Foxb1 Glut_1,C57BL6J-638850.33,Glut,MB,3244 SCig-an-PPT Foxb1 Glut_1,19 MB Glut,NOT,177 SCig-an-PPT Foxb1 Glut,NOT
117295a2-d89c-453f-8ec0-39d5e92779c8,0764 SCig-an-PPT Foxb1 Glut_1,C57BL6J-638850.33,Glut,MB,3244 SCig-an-PPT Foxb1 Glut_1,19 MB Glut,NOT,177 SCig-an-PPT Foxb1 Glut,NOT
493e7b62-535b-454c-899b-09899f5fba57,0764 SCig-an-PPT Foxb1 Glut_1,C57BL6J-638850.33,Glut,MB,3244 SCig-an-PPT Foxb1 Glut_1,19 MB Glut,NOT,177 SCig-an-PPT Foxb1 Glut,NOT
c7701c94-fb6f-47d0-a01c-e14ae96f4da0,0764 SCig-an-PPT Foxb1 Glut_1,C57BL6J-638850.33,Glut,MB,3242 SCig-an-PPT Foxb1 Glut_1,19 MB Glut,NOT,177 SCig-an-PPT Foxb1 Glut,NOT
db809184-3774-4dc4-8851-68e322407ad6,0764 SCig-an-PPT Foxb1 Glut_1,C57BL6J-638850.33,Glut,MB,3244 SCig-an-PPT Foxb1 Glut_1,19 MB Glut,NOT,177 SCig-an-PPT Foxb1 Glut,NOT
451d401c-b5d9-42b5-a753-fa6e71d3e198,0785 SCsg Pde5a Glut_1,C57BL6J-638850.33,Glut,MB,3361 SCsg Pde5a Glut_1,19 MB Glut,NOT,187 SCsg Pde5a Glut,NOT
9d9318ed-ab17-463a-81ed-2a1aba8fd2fb,0764 SCig-an-PPT Foxb1 Glut_1,C57BL6J-638850.33,Glut,MB,3243 SCig-an-PPT Foxb1 Glut_1,19 MB Glut,NOT,177 SCig-an-PPT Foxb1 Glut,NOT
cda09af5-d43b-4d1e-9f52-4e1c83e86e83,0787 SCsg Pde5a Glut_3,C57BL6J-638850.33,Glut,MB,3368 SCsg Pde5a Glut_3,19 MB Glut,NOT,187 SCsg Pde5a Glut,NOT
1adaaa85-5691-41ec-964d-b72cbb6c3528,0787 SCsg Pde5a Glut_3,C57BL6J-638850.33,Glut,MB,3368 SCsg Pde5a Glut_3,19 MB Glut,NOT,187 SCsg Pde5a Glut,NOT
f106f321-bb4c-4d21-b92e-4f71982d297c,0786 SCsg Pde5a Glut_2,C57BL6J-638850.33,Glut,MB,3363 SCsg Pde5a Glut_2,19 MB Glut,NOT,187 SCsg Pde5a Glut,NOT
3a2ec0fb-5b45-45a4-bd75-2f7b7630c1ef,0764 SCig-an-PPT Foxb1 Glut_1,C57BL6J-638850.33,Glut,MB,3244 SCig-an-PPT Foxb1 Glut_1,19 MB Glut,NOT,177 SCig-an-PPT Foxb1 Glut,NOT
30e61ce0-bf51-4202-897d-4539f6f3a6f8,0764 SCig-an-PPT Foxb1 Glut_1,C57BL6J-638850.33,Glut,MB,3244 SCig-an-PPT Foxb1 Glut_1,19 MB Glut,NOT,177 SCig-an-PPT Foxb1 Glut,NOT
a6820d30-0c89-4ca1-9049-783010686614,0787 SCsg Pde5a Glut_3,C57BL6J-638850.33,Glut,MB,3367 SCsg Pde5a Glut_3,19 MB Glut,NOT,187 SCsg Pde5a Glut,NOT
c439bdf9-686c-4ce8-92c8-bfd670c11cc1,0764 SCig-an-PPT Foxb1 Glut_1,C57BL6J-638850.33,Glut,MB,3244 SCig-an-PPT Foxb1 Glut_1,19 MB Glut,NOT,177 SCig-an-PPT Foxb1 Glut,NOT
fef37931-e848-4703-875b-a6619aad43f9,0764 SCig-an-PPT Foxb1 Glut_1,C57BL6J-638850.33,Glut,MB,3244 SCig-an-PPT Foxb1 Glut_1,19 MB Glut,NOT,177 SCig-an-PPT Foxb1 Glut,NOT
fd9386d8-cc87-49de-af8c-977b63632a7a,0764 SCig-an-PPT Foxb1 Glut_1,C57BL6J-638850.33,Glut,MB,3244 SCig-an-PPT Foxb1 Glut_1,19 MB Glut,NOT,177 SCig-an-PPT Foxb1 Glut,NOT
d8c8d3ce-3fea-4639-9b1d-fb3b41215d07,0764 SCig-an-PPT Foxb1 Glut_1,C57BL6J-638850.33,Glut,MB,3244 SCig-an-PPT Foxb1 Glut_1,19 MB Glut,NOT,177 SCig-an-PPT Foxb1 Glut,NOT
ba8a0fed-6f6e-4836-b7cf-1be94b2a24d1,0764 SCig-an-PPT Foxb1 Glut_1,C57BL6J-638850.33,Glut,MB,3244 SCig-an-PPT Foxb1 Glut_1,19 MB Glut,NOT,177 SCig-an-PPT Foxb1 Glut,NOT
714d6113-14d2-4d16-9035-1ee5cc38295e,0764 SCig-an-PPT Foxb1 Glut_1,C57BL6J-638850.33,Glut,MB,3244 SCig-an-PPT Foxb1 Glut_1,19 MB Glut,NOT,177 SCig-an-PPT Foxb1 Glut,NOT
28155109-b188-46b0-8f46-31bee23d3cca,0764 SCig-an-PPT Foxb1 Glut_1,C57BL6J-638850.33,Glut,MB,3249 SCig-an-PPT Foxb1 Glut_1,19 MB Glut,NOT,177 SCig-an-PPT Foxb1 Glut,NOT
b1d9db8b-eada-43a9-b992-64aa5565038f,0764 SCig-an-PPT Foxb1 Glut_1,C57BL6J-638850.33,Glut,MB,3243 SCig-an-PPT Foxb1 Glut_1,19 MB Glut,NOT,177 SCig-an-PPT Foxb1 Glut,NOT
2a391ef7-a009-4265-ac25-6cc1adf19771,0764 SCig-an-PPT Foxb1 Glut_1,C57BL6J-638850.33,Glut,MB,3244 SCig-an-PPT Foxb1 Glut_1,19 MB Glut,NOT,177 SCig-an-PPT Foxb1 Glut,NOT
fa1fabb1-5929-4252-8900-c079051e449b,0783 SCig Tfap2b Chrnb3 Glut_1,C57BL6J-638850.33,Glut,MB,3354 SCig Tfap2b Chrnb3 Glut_1,19 MB Glut,NOT,185 SCig Tfap2b Chrnb3 Glut,NOT
37856d42-a321-4dce-80f8-b8df8979e127,0764 SCig-an-PPT Foxb1 Glut_1,C57BL6J-638850.33,Glut,MB,3243 SCig-an-PPT Foxb1 Glut_1,19 MB Glut,NOT,177 SCig-an-PPT Foxb1 Glut,NOT
2da18018-a596-4168-9224-a73700ac02b4,0787 SCsg Pde5a Glut_3,C57BL6J-638850.33,Glut,MB,3367 SCsg Pde5a Glut_3,19 MB Glut,NOT,187 SCsg Pde5a Glut,NOT
6862faac-ff36-4c11-bb83-55205a82b198,0764 SCig-an-PPT Foxb1 Glut_1,C57BL6J-638850.33,Glut,MB,3244 SCig-an-PPT Foxb1 Glut_1,19 MB Glut,NOT,177 SCig-an-PPT Foxb1 Glut,NOT
5d764c10-ea1b-413b-9d7d-8227a4f13fd5,0764 SCig-an-PPT Foxb1 Glut_1,C57BL6J-638850.33,Glut,MB,3244 SCig-an-PPT Foxb1 Glut_1,19 MB Glut,NOT,177 SCig-an-PPT Foxb1 Glut,NOT
5127162c-74a4-4ba0-93d0-baf09c515a32,0764 SCig-an-PPT Foxb1 Glut_1,C57BL6J-638850.33,Glut,MB,3244 SCig-an-PPT Foxb1 Glut_1,19 MB Glut,NOT,177 SCig-an-PPT Foxb1 Glut,NOT
310fd974-f5de-4447-9c4f-7c33dcb92ca8,0761 SCig Foxb1 Glut_2,C57BL6J-638850.33,Glut,MB,3223 SCig Foxb1 Glut_2,19 MB Glut,NOT,176 SCig Foxb1 Glut,NOT
b3449573-21d5-46e7-b221-e3ff905540a7,0764 SCig-an-PPT Foxb1 Glut_1,C57BL6J-638850.33,Glut,MB,3250 SCig-an-PPT Foxb1 Glut_1,19 MB Glut,NOT,177 SCig-an-PPT Foxb1 Glut,NOT
678b3466-8516-48d7-938d-1a66c7d81610,0764 SCig-an-PPT Foxb1 Glut_1,C57BL6J-638850.33,Glut,MB,3243 SCig-an-PPT Foxb1 Glut_1,19 MB Glut,NOT,177 SCig-an-PPT Foxb1 Glut,NOT
9b1b25be-ffcb-4b02-993c-27fb6f119754,0764 SCig-an-PPT Foxb1 Glut_1,C57BL6J-638850.33,Glut,MB,3249 SCig-an-PPT Foxb1 Glut_1,19 MB Glut,NOT,177 SCig-an-PPT Foxb1 Glut,NOT
7185560d-d7eb-4a25-ab60-e34086f16b91,0764 SCig-an-PPT Foxb1 Glut_1,C57BL6J-638850.33,Glut,MB,3241 SCig-an-PPT Foxb1 Glut_1,19 MB Glut,NOT,177 SCig-an-PPT Foxb1 Glut,NOT
20c26bd2-9ee0-44a6-bf24-cfd1d603205d,0787 SCsg Pde5a Glut_3,C57BL6J-638850.33,Glut,MB,3368 SCsg Pde5a Glut_3,19 MB Glut,NOT,187 SCsg Pde5a Glut,NOT
59a2d1ec-aed1-44d3-9e13-d730b77f4771,0787 SCsg Pde5a Glut_3,C57BL6J-638850.33,Glut,MB,3370 SCsg Pde5a Glut_3,19 MB Glut,NOT,187 SCsg Pde5a Glut,NOT
6f43effa-1f3a-414b-b0b9-98d075c23a1e,0787 SCsg Pde5a Glut_3,C57BL6J-638850.33,Glut,MB,3367 SCsg Pde5a Glut_3,19 MB Glut,NOT,187 SCsg Pde5a Glut,NOT
a32fc432-cbcf-4c32-82af-cfe04095f2ee,0764 SCig-an-PPT Foxb1 Glut_1,C57BL6J-638850.33,Glut,MB,3244 SCig-an-PPT Foxb1 Glut_1,19 MB Glut,NOT,177 SCig-an-PPT Foxb1 Glut,NOT
f368eccf-aafe-46ed-ae8f-7daac81ced00,0764 SCig-an-PPT Foxb1 Glut_1,C57BL6J-638850.33,Glut,MB,3244 SCig-an-PPT Foxb1 Glut_1,19 MB Glut,NOT,177 SCig-an-PPT Foxb1 Glut,NOT
b2da5d84-39ec-48f6-88e7-3fbe54e64566,0764 SCig-an-PPT Foxb1 Glut_1,C57BL6J-638850.33,Glut,MB,3244 SCig-an-PPT Foxb1 Glut_1,19 MB Glut,NOT,177 SCig-an-PPT Foxb1 Glut,NOT
8557ec91-8662-4647-87f7-e141825a7078,0764 SCig-an-PPT Foxb1 Glut_1,C57BL6J-638850.33,Glut,MB,3244 SCig-an-PPT Foxb1 Glut_1,19 MB Glut,NOT,177 SCig-an-PPT Foxb1 Glut,NOT
6c7dc99c-c056-46d2-b369-1891eefafa2f,0785 SCsg Pde5a Glut_1,C57BL6J-638850.33,Glut,MB,3361 SCsg Pde5a Glut_1,19 MB Glut,NOT,187 SCsg Pde5a Glut,NOT
f9addfb8-ef0f-4040-ac31-c58fd70369d2,0764 SCig-an-PPT Foxb1 Glut_1,C57BL6J-638850.33,Glut,MB,3244 SCig-an-PPT Foxb1 Glut_1,19 MB Glut,NOT,177 SCig-an-PPT Foxb1 Glut,NOT
046fe779-a03f-4d64-9608-e05e4808a6fa,0764 SCig-an-PPT Foxb1 Glut_1,C57BL6J-638850.33,Glut,MB,3243 SCig-an-PPT Foxb1 Glut_1,19 MB Glut,NOT,177 SCig-an-PPT Foxb1 Glut,NOT
3e9c848b-e004-4791-91a3-fdd7654b0cb8,0787 SCsg Pde5a Glut_3,C57BL6J-638850.33,Glut,MB,3368 SCsg Pde5a Glut_3,19 MB Glut,NOT,187 SCsg Pde5a Glut,NOT
6a7379e1-2b81-4102-a4b9-d88eff187ae7,0764 SCig-an-PPT Foxb1 Glut_1,C57BL6J-638850.33,Glut,MB,3243 SCig-an-PPT Foxb1 Glut_1,19 MB Glut,NOT,177 SCig-an-PPT Foxb1 Glut,NOT
4123daf3-d21b-4645-831a-4795ada16dc0,0715 PRC-PAG Tcf7l2 Irx2 Glut_3,C57BL6J-638850.33,Glut,MB,2917 PRC-PAG Tcf7l2 Irx2 Glut_3,19 MB Glut,NOT,167 PRC-PAG Tcf7l2 Irx2 Glut,NOT
44aed46d-62bc-423e-863c-d570d35b73e8,0764 SCig-an-PPT Foxb1 Glut_1,C57BL6J-638850.33,Glut,MB,3243 SCig-an-PPT Foxb1 Glut_1,19 MB Glut,NOT,177 SCig-an-PPT Foxb1 Glut,NOT
e1953b60-b12f-4a4e-a63d-bccf8befefef,0764 SCig-an-PPT Foxb1 Glut_1,C57BL6J-638850.33,Glut,MB,3243 SCig-an-PPT Foxb1 Glut_1,19 MB Glut,NOT,177 SCig-an-PPT Foxb1 Glut,NOT
1a6b0e5a-34d3-4832-98ea-bbfe67f6f92e,0783 SCig Tfap2b Chrnb3 Glut_1,C57BL6J-638850.33,Glut,MB,3354 SCig Tfap2b Chrnb3 Glut_1,19 MB Glut,NOT,185 SCig Tfap2b Chrnb3 Glut,NOT
0de282d5-b060-4a1e-a4e2-3eb89976999a,0764 SCig-an-PPT Foxb1 Glut_1,C57BL6J-638850.33,Glut,MB,3242 SCig-an-PPT Foxb1 Glut_1,19 MB Glut,NOT,177 SCig-an-PPT Foxb1 Glut,NOT
b2224384-fc99-4ea1-b7b9-2ea9828908d1,0764 SCig-an-PPT Foxb1 Glut_1,C57BL6J-638850.33,Glut,MB,3244 SCig-an-PPT Foxb1 Glut_1,19 MB Glut,NOT,177 SCig-an-PPT Foxb1 Glut,NOT
69fe4686-80da-47f0-aa08-5750c0b94ed3,0764 SCig-an-PPT Foxb1 Glut_1,C57BL6J-638850.33,Glut,MB,3249 SCig-an-PPT Foxb1 Glut_1,19 MB Glut,NOT,177 SCig-an-PPT Foxb1 Glut,NOT
6389f4e4-a70c-448e-8d68-3345f72d01e4,0764 SCig-an-PPT Foxb1 Glut_1,C57BL6J-638850.33,Glut,MB,3244 SCig-an-PPT Foxb1 Glut_1,19 MB Glut,NOT,177 SCig-an-PPT Foxb1 Glut,NOT
99efa4a6-99a3-4f82-bac2-9465177310a7,0787 SCsg Pde5a Glut_3,C57BL6J-638850.33,Glut,MB,3369 SCsg Pde5a Glut_3,19 MB Glut,NOT,187 SCsg Pde5a Glut,NOT
f8df6b81-d355-4d17-8151-e6babbefdadf,0764 SCig-an-PPT Foxb1 Glut_1,C57BL6J-638850.33,Glut,MB,3244 SCig-an-PPT Foxb1 Glut_1,19 MB Glut,NOT,177 SCig-an-PPT Foxb1 Glut,NOT
22d43e6a-15b6-4cfe-8e71-7271c1988279,0762 SCig Foxb1 Glut_3,C57BL6J-638850.33,Glut,MB,3233 SCig Foxb1 Glut_3,19 MB Glut,NOT,176 SCig Foxb1 Glut,NOT
62906cd0-a70e-4ef6-bc82-bc4b9eb878d5,0764 SCig-an-PPT Foxb1 Glut_1,C57BL6J-638850.33,Glut,MB,3243 SCig-an-PPT Foxb1 Glut_1,19 MB Glut,NOT,177 SCig-an-PPT Foxb1 Glut,NOT
3b18e4c1-3512-4b26-a34f-40abc4d94f4b,0764 SCig-an-PPT Foxb1 Glut_1,C57BL6J-638850.33,Glut,MB,3244 SCig-an-PPT Foxb1 Glut_1,19 MB Glut,NOT,177 SCig-an-PPT Foxb1 Glut,NOT
69b5b81b-7bec-45b0-9f71-a6773960e7a1,0764 SCig-an-PPT Foxb1 Glut_1,C57BL6J-638850.33,Glut,MB,3243 SCig-an-PPT Foxb1 Glut_1,19 MB Glut,NOT,177 SCig-an-PPT Foxb1 Glut,NOT
04a3e68c-fd7f-4ccd-9efe-f28f3a93c05e,0764 SCig-an-PPT Foxb1 Glut_1,C57BL6J-638850.33,Glut,MB,3244 SCig-an-PPT Foxb1 Glut_1,19 MB Glut,NOT,177 SCig-an-PPT Foxb1 Glut,NOT
b89fefac-d2ae-4fd0-9476-61c271a3357d,0764 SCig-an-PPT Foxb1 Glut_1,C57BL6J-638850.33,Glut,MB,3243 SCig-an-PPT Foxb1 Glut_1,19 MB Glut,NOT,177 SCig-an-PPT Foxb1 Glut,NOT
bf579a8d-3c60-4c9b-89ff-c4a97808346d,0764 SCig-an-PPT Foxb1 Glut_1,C57BL6J-638850.33,Glut,MB,3244 SCig-an-PPT Foxb1 Glut_1,19 MB Glut,NOT,177 SCig-an-PPT Foxb1 Glut,NOT
bcee623c-9d60-4711-98f4-5a12f092b770,0764 SCig-an-PPT Foxb1 Glut_1,C57BL6J-638850.33,Glut,MB,3243 SCig-an-PPT Foxb1 Glut_1,19 MB Glut,NOT,177 SCig-an-PPT Foxb1 Glut,NOT
1b78455a-b4c8-4108-a3ff-8ea8daba8bd9,0764 SCig-an-PPT Foxb1 Glut_1,C57BL6J-638850.33,Glut,MB,3243 SCig-an-PPT Foxb1 Glut_1,19 MB Glut,NOT,177 SCig-an-PPT Foxb1 Glut,NOT
360f55d7-5039-4c3d-8b1b-aed839a63083,0764 SCig-an-PPT Foxb1 Glut_1,C57BL6J-638850.33,Glut,MB,3243 SCig-an-PPT Foxb1 Glut_1,19 MB Glut,NOT,177 SCig-an-PPT Foxb1 Glut,NOT
0b2ea32e-26b7-4951-a5d5-5081e97cbdfb,0785 SCsg Pde5a Glut_1,C57BL6J-638850.33,Glut,MB,3362 SCsg Pde5a Glut_1,19 MB Glut,NOT,187 SCsg Pde5a Glut,NOT
ec2b514b-5bd5-48a3-a377-a54da369b653,0764 SCig-an-PPT Foxb1 Glut_1,C57BL6J-638850.33,Glut,MB,3244 SCig-an-PPT Foxb1 Glut_1,19 MB Glut,NOT,177 SCig-an-PPT Foxb1 Glut,NOT
763f9d86-1f21-4a00-945c-5c130d823ec0,0785 SCsg Pde5a Glut_1,C57BL6J-638850.33,Glut,MB,3361 SCsg Pde5a Glut_1,19 MB Glut,NOT,187 SCsg Pde5a Glut,NOT
91bc2f5a-e5cf-407e-be30-934334d818af,0764 SCig-an-PPT Foxb1 Glut_1,C57BL6J-638850.33,Glut,MB,3244 SCig-an-PPT Foxb1 Glut_1,19 MB Glut,NOT,177 SCig-an-PPT Foxb1 Glut,NOT
4cb31ec1-9d6a-48ab-b3dc-ee5dbeb06ebd,0764 SCig-an-PPT Foxb1 Glut_1,C57BL6J-638850.33,Glut,MB,3244 SCig-an-PPT Foxb1 Glut_1,19 MB Glut,NOT,177 SCig-an-PPT Foxb1 Glut,NOT
11b1091d-b9d0-4639-aea1-84a7cb938c11,0764 SCig-an-PPT Foxb1 Glut_1,C57BL6J-638850.33,Glut,MB,3244 SCig-an-PPT Foxb1 Glut_1,19 MB Glut,NOT,177 SCig-an-PPT Foxb1 Glut,NOT
b76cb419-fc0b-47d0-af3c-7bba20328e14,0654 TH Prkcd Grin2c Glut_1,C57BL6J-638850.33,Glut,MB,2649 TH Prkcd Grin2c Glut_1,18 TH Glut,NOT,151 TH Prkcd Grin2c Glut,NOT